Kode,Basic_EPS,EBITDA,DIS,EPR,Net_Income,Sub_Sektor
AALI.JK,2.2195185305,0.2266945521,0.0335323349,-0.0650632378,0.2180741229,Food & Beverage
ABBA.JK,-0.2837800281,-0.1157643549,-0.1475635273,-0.0619809717,-0.0348915344,Media & Entertainment
ABMM.JK,-0.2336658882,-0.1098802114,-0.1530980856,-0.0665701584,-0.0247706180,Multi Sector Holdings
ACES.JK,-0.0345280428,0.1538798706,0.3890920438,-0.0656139704,0.1508093282,Retailing
ACST.JK,-0.3280577000,-0.1582914974,-0.1461594284,-0.0632862959,-0.0869854233,Heavy Constructions & Civil
ADCP.JK,-0.2107442319,-0.0865394695,-0.1499884466,-0.0665634481,0.0018869717,Properties & Real Estate
ADES.JK,2.7669068398,-0.0204004062,-0.1462362037,-0.0677486952,0.0662170219,Food & Beverage
ADHI.JK,-0.1202657165,0.0835353319,-0.0884008386,-0.0650184044,0.0243976928,Heavy Constructions & Civil
ADMF.JK,8.4603892950,0.0373730088,0.0141401375,-0.0653072234,0.4223948146,Financing Service
ADMG.JK,-0.2341572809,-0.1099682489,-0.1531041797,-0.0637119305,-0.0248415007,Basic Materials
ADMR.JK,-0.2340870627,-0.1098606262,-0.1531029905,-0.0699573875,-0.0247356452,"Oil, Gas, & Coal"
ADRO.JK,-0.2338979210,-0.1095443009,-0.1530951986,-0.0679463991,-0.0244594873,"Oil, Gas, & Coal"
AGII.JK,0.0074239332,0.0030155419,0.0039641565,-0.0661638496,0.0132164898,Basic Materials
AISA.JK,-0.2251009316,-0.0931569205,-0.1337412602,-0.0651733250,-0.0205174166,Food & Beverage
AKPI.JK,-0.4488149869,-0.1042460424,-0.1494814641,-0.0644895082,-0.0316574760,Basic Materials
AKRA.JK,0.3959045978,0.5525264883,-0.1063791668,-0.0653091156,0.6147878873,"Oil, Gas, & Coal"
ALDO.JK,-0.2295510612,-0.1006385371,-0.1457710329,-0.0647281374,-0.0242116583,Basic Materials
ALMI.JK,-0.2341478886,-0.1099663776,-0.1531041784,-0.0629529331,-0.0248395612,Basic Materials
AMAN.JK,-0.1703998709,-0.0971991725,-0.1507280656,-0.0684718012,-0.0121383417,Properties & Real Estate
AMFG.JK,5.7768940294,0.0537145252,-0.1148913918,-0.0659584526,0.1093515435,Industrial Goods
AMOR.JK,-0.0194557444,-0.0862268184,-0.1494282933,-0.0678385024,-0.0006073354,Investment Service
AMRT.JK,0.1324748126,1.3055867763,3.9277567270,-0.0647404404,0.7581810273, Food & Staples Retailing 
ANDI.JK,-0.2608808685,-0.1191150563,-0.1524744941,-0.0636696119,-0.0377106380,Food & Beverage
ANJT.JK,-0.2341317877,-0.1099614248,-0.1531035351,-0.0651399666,-0.0248364989,Food & Beverage
ANTM.JK,0.3386566988,0.6204350793,-0.0081313539,-0.0651054972,0.6831815418,Basic Materials
APEX.JK,-0.2341376019,-0.1099641940,-0.1531038634,-0.0652261342,-0.0248374129,"Oil, Gas, & Coal"
APIC.JK,-0.1942407360,-0.0450192432,-0.1414888086,-0.0652340706,-0.0007045564,Holding & Investment Companies
APLN.JK,-0.0207974920,0.2245887118,-0.1026550447,-0.0664799442,0.2242328475,Properties & Real Estate
ARCI.JK,-0.2341326822,-0.1099547610,-0.1461594284,-0.0667792555,-0.0248337513,Basic Materials
ARGO.JK,-0.3259556287,-0.1122828130,-0.1461594284,-0.0640416186,-0.0329219222,Apparel & Luxury Goods
ARII.JK,-0.2341366180,-0.1099631830,-0.1531038860,-0.0646788933,-0.0248373226,"Oil, Gas, & Coal"
ARKA.JK,-0.2114151057,-0.1073115391,-0.1529991847,-0.0649429322,-0.0224997754,Industrial Goods
ARKO.JK,-0.1759929682,-0.0913913054,-0.1521067533,-0.0670893244,-0.0158479885,Utilities
ARMY.JK,-0.2211651385,-0.1060644438,-0.1524652459,-0.0675481181,-0.0198635189,Properties & Real Estate
ARNA.JK,0.0399836757,-0.0069382243,-0.1490317245,-0.0668564880,0.0776030608,Industrial Goods
ARTI.JK,-0.2453898553,-0.1087788016,-0.1529513535,-0.0649938234,-0.0293756653,"Oil, Gas, & Coal"
ASRI.JK,-0.0902105696,0.1792366520,-0.1302022748,-0.0688385894,0.1206311877,Properties & Real Estate
AUTO.JK,1.4743566201,0.3266029247,-0.0345243201,-0.0650880318,0.3990187699,Automobiles & Components
AVIA.JK,-0.1155695998,0.2727162382,0.0499507244,-0.0669928097,0.3529464841,Basic Materials
BAJA.JK,-0.2373555600,-0.1068748396,-0.1521997479,-0.0644989185,-0.0251354303,Basic Materials
BALI.JK,-0.0630625425,-0.0383290651,-0.1386733677,-0.0693166497,0.0097855000,Telecommunication
BATA.JK,-0.8887740357,-0.1181920964,-0.0457075061,-0.0625805998,-0.0686130535,Apparel & Luxury Goods
BBLD.JK,0.0512543558,-0.0946338878,-0.1329964018,-0.0655343483,-0.0006786515,Financing Service
BCAP.JK,-0.2282764010,0.0444314818,-0.1032301946,-0.0681183442,-0.0119707544,Holding & Investment Companies
BCIP.JK,-0.1829700559,-0.1064254743,-0.1521072449,-0.0652801617,-0.0210726726,Properties & Real Estate
BEBS.JK,-0.2297970483,-0.0996731698,-0.1498821310,-0.0658715001,-0.0147580126,Basic Materials
BEEF.JK,-0.1986004990,-0.0958987424,-0.1407795157,-0.0647743075,-0.0117082638,Food & Beverage
BEST.JK,-0.2157981480,-0.0692972942,-0.1428954076,-0.0687825485,-0.0157436238,Properties & Real Estate
BFIN.JK,0.2533662743,0.3301071710,0.0044142220,-0.0683885680,0.3533426336,Financing Service
BHAT.JK,-0.2311387959,-0.1058252042,-0.1527742022,-0.0632646374,-0.0240665322,Insurance
BHIT.JK,-0.2177213196,0.4007590681,0.4409563815,-0.0661288990,0.0456950024,Multi Sector Holdings
BIPI.JK,-0.2341343683,-0.1099423283,-0.1531041238,-0.0660385026,-0.0248339362,"Oil, Gas, & Coal"
BIPP.JK,-0.2740747202,-0.0981985665,-0.1441692107,-0.0665940409,-0.0351695950,Properties & Real Estate
BIRD.JK,0.5753857062,0.0098202543,-0.1178359453,-0.0657534932,0.0793695553,Transportation
BISI.JK,0.6538332177,0.0213960870,-0.1363673924,-0.0676609324,0.1121885449,Food & Beverage
BKDP.JK,-0.2547088294,-0.1155117030,-0.1527768293,-0.0543730372,-0.0327948610,Properties & Real Estate
BKSL.JK,-0.2242958830,-0.0008896304,-0.1391272199,-0.0670190083,0.0516093578,Properties & Real Estate
BLTA.JK,-0.2341326687,-0.1099619423,-0.1531037252,-0.0672889025,-0.0248335104,Logistics & Deliveries
BMHS.JK,-0.2301101228,-0.0742865258,-0.0253373560,-0.0650444015,-0.0190863267,Helathcare Equipment & Providers
BMSR.JK,0.4402717195,-0.0684140156,-0.1496006976,-0.0648022340,0.0153755234,Basic Materials
BMTR.JK,0.0878840662,0.5189264542,0.3985894654,-0.0672375151,0.2460192306,Multi Sector Holdings
BNBR.JK,-0.2021570471,-0.0418166085,-0.1469000504,-0.0653078655,0.0297928873,Multi Sector Holdings
BOLA.JK,-0.2369083108,-0.1048001848,-0.1235861100,-0.0622792467,-0.0256913934,Consumer Services
BOLT.JK,-0.0217367154,-0.0781350848,-0.1478884133,-0.0656261564,0.0007691526,Automobiles & Components
BOSS.JK,-0.1094422856,-0.0961647862,-0.1421449339,-0.0660000142,-0.0158582232,"Oil, Gas, & Coal"
BPII.JK,-0.1826815802,-0.0594623044,-0.1444927984,-0.0667588807,0.0013343673,Holding & Investment Companies
BRAM.JK,-0.2339833009,-0.1099602466,-0.1531038129,-0.0653512273,-0.0248335798,Automobiles & Components
BRPT.JK,-0.2341341134,-0.1098716417,-0.1530997454,-0.0657511577,-0.0248310951,Basic Materials
BSBK.JK,-0.2270688281,-0.0921114155,-0.1350048526,-0.0677026508,-0.0157273768,Properties & Real Estate
BSSR.JK,-0.2338580711,-0.1099261716,-0.1461594284,-0.0664626598,-0.0247997728,"Oil, Gas, & Coal"
BTEK.JK,-0.2451376962,-0.1137975806,-0.1531042033,-0.0622702523,-0.0510740253,Food & Beverage
BTEL.JK,-0.2279197868,-0.0928074077,-0.1529838108,-0.0609594113,-0.0130800652,Telecommunication
BUAH.JK,-0.0607368466,-0.0998872526,-0.1454263363,-0.0647156533,-0.0159185331, Food & Staples Retailing 
BUDI.JK,-0.1339068175,-0.0589984986,-0.1049967017,-0.0650713087,-0.0016474005,Food & Beverage
BUKK.JK,0.9376575670,0.0481272095,-0.1428824889,-0.0657524529,0.1340914833,Heavy Constructions & Civil
BULL.JK,-0.2341264207,-0.1099560927,-0.1531038859,-0.0685854914,-0.0248306717,"Oil, Gas, & Coal"
BUMI.JK,-0.2341352315,-0.1099463480,-0.1531030599,-0.0647659296,-0.0248333192,"Oil, Gas, & Coal"
BUVA.JK,-0.2221938117,-0.0922867522,-0.1051639582,-0.0651860956,-0.0166984226,Consumer Services
BWPT.JK,-0.2087316105,-0.0315434253,-0.1450120256,-0.0661793101,0.0158878537,Food & Beverage
BYAN.JK,-0.2339564660,-0.1096775115,-0.1531023563,-0.0691246103,-0.0245521646,"Oil, Gas, & Coal"
CAMP.JK,-0.1373059115,-0.0715918727,-0.0792373895,-0.0658242695,0.0044776110,Food & Beverage
CARE.JK,-0.2490734893,-0.1152870113,-0.1461594284,-0.0628853729,-0.0503544234,Helathcare Equipment & Providers
CARS.JK,-0.1823439070,-0.0255700393,-0.0469109818,-0.0649835477,0.0151398713,Retailing
CASS.JK,0.2131138453,-0.0084913703,-0.1461594284,-0.0669263915,0.0232893170,Transportation Infrastructure
CBUT.JK,-0.0276851299,-0.0586344302,-0.1521354373,-0.0647437378,0.0083460587,Food & Beverage
CEKA.JK,0.9197675986,-0.0746310446,-0.1467219827,-0.0647368032,0.0104930834,Food & Beverage
CFIN.JK,0.6806681704,0.0475942817,-0.1033444606,-0.0701625321,0.1626565248,Financing Service
CITA.JK,0.5753857062,0.0322633701,-0.1311782362,-0.0653221313,0.1404894628,Basic Materials
CITY.JK,-0.2324805436,-0.1096678357,-0.1520642149,-0.0645177809,-0.0243751389,Properties & Real Estate
CLAY.JK,-0.2249220319,-0.1047537702,-0.1530990578,-0.0657817660,-0.0232983198,Consumer Services
CLEO.JK,-0.1223230629,-0.0146522352,-0.0287826392,-0.0666641012,0.0455080294,Food & Beverage
CLPI.JK,0.5351332772,-0.0972323324,-0.1493784321,-0.0651666302,-0.0127159003,Basic Materials
CMNP.JK,0.6066931509,0.1933934517,-0.1377779630,-0.0667896173,0.2104979374,Transportation Infrastructure
CMNT.JK,-0.1937040370,0.0965737614,-0.0791651922,-0.0655135404,0.0107770183,Basic Materials
CMPP.JK,-0.6867515671,-0.2347800394,-0.1461594284,-0.0630314010,-0.2735986432,Transportation
CMRY.JK,0.4657649245,0.1731265132,-0.1001551221,-0.0663313776,0.2608219271,Food & Beverage
CNKO.JK,-0.2546641044,-0.1023702154,-0.1463418690,-0.0646726916,-0.0343039549,"Oil, Gas, & Coal"
CPIN.JK,0.3964860218,0.5859424020,0.2168732684,-0.0650826834,0.5085578038,Food & Beverage
CPRO.JK,-0.2041696685,0.0267112054,-0.0870368378,-0.0653025608,0.0675214168,Food & Beverage
CSAP.JK,-0.0699054554,0.0474848718,0.2313769274,-0.0647902816,0.0171352174,Retailing
CSMI.JK,-0.2514439101,-0.1100409237,-0.1506975448,-0.0578670857,-0.0255642685,Consumer Services
CTBN.JK,-0.2340324983,-0.1099610300,-0.1531037359,-0.0655834373,-0.0248328137,Basic Materials
CTRA.JK,0.2131138453,0.5168279750,0.0151786637,-0.0677690028,0.3998589198,Properties & Real Estate
CTTH.JK,-0.2698258527,-0.1098055968,-0.1517507264,-0.0651026719,-0.0270973174,Industrial Goods
DART.JK,-0.7216370056,-0.1058722410,-0.1349600218,-0.0651166324,-0.1039272566,Properties & Real Estate
DAYA.JK,-0.2640563379,-0.0869919615,-0.0125843841,-0.0645105944,-0.0285614123, Food & Staples Retailing 
DCII.JK,0.7319229300,0.0110055811,-0.1514828423,-0.0699090500,0.0934630015,Software & IT Service
DEAL.JK,-0.2392384791,-0.1097687058,-0.1495729292,-0.0641947859,-0.0278264303,Logistics & Deliveries
DEWA.JK,-0.2341281202,-0.0753128207,-0.1346244114,-0.0647079840,-0.0167175132,"Oil, Gas, & Coal"
DFAM.JK,-0.2725987978,-0.1102078462,-0.1521279104,-0.0643174572,-0.0285830148,Consumer Services
DGIK.JK,-0.2123990540,-0.1033678269,-0.1422574501,-0.0646454750,-0.0190504225,Heavy Constructions & Civil
DILD.JK,-0.1589974982,0.1235606478,-0.1476012098,-0.0670725274,0.0152168855,Properties & Real Estate
DKFT.JK,-0.1832831304,-0.0733297519,-0.0430287720,-0.0655513159,-0.0104205418,Basic Materials
DLTA.JK,0.8795151696,-0.0646723493,-0.1495767294,-0.0680517091,0.0209648918,Food & Beverage
DMAS.JK,-0.1218758137,0.1178812837,-0.1199093860,-0.0711271381,0.2534792619,Properties & Real Estate
DMMX.JK,-0.3966210040,-0.1530137307,-0.1420885426,-0.0645516617,-0.0855178731,Software & IT Service
DNET.JK,-0.0067985917,0.2205809734,0.4061910718,-0.0678574663,0.1410395974,Holding & Investment Companies
DOID.JK,-0.2341139871,-0.1099391883,-0.1531017588,-0.0652654488,-0.0248288189,"Oil, Gas, & Coal"
DPUM.JK,-0.3865578967,-0.1249559286,-0.1513562778,-0.0638703534,-0.0575731606,Food & Beverage
DRMA.JK,0.3472886086,0.0337126482,-0.1426433185,-0.0657517126,0.1158976282,Automobiles & Components
DSNG.JK,0.1202201842,0.1686633430,-0.1256693354,-0.0661515631,0.1683626444,Food & Beverage
DSSA.JK,-0.2338714886,-0.1097364645,-0.1530904024,-0.0670465775,-0.0247390598,"Oil, Gas, & Coal"
DUTI.JK,2.3439879859,0.1540787375,-0.1342822467,-0.0676617873,0.2204951578,Properties & Real Estate
DVLA.JK,0.3517611007,-0.0701302127,-0.1187388769,-0.0654090041,0.0088278716,Phramaceuticals & Helath Care
DWGL.JK,-0.2265768540,-0.0964935369,-0.1512789120,-0.0649846268,-0.0212396713,"Oil, Gas, & Coal"
ECII.JK,-0.1849379524,-0.0970883491,-0.0866590530,-0.0644916364,-0.0218322441,Retailing
EDGE.JK,0.3249261480,-0.0528391484,-0.1514209583,-0.0679666343,0.0333890603,Software & IT Service
ELPI.JK,-0.1400788566,-0.0793100444,-0.1509303869,-0.0662475155,0.0110174227,Logistics & Deliveries
ELSA.JK,0.0741982404,0.0165858592,-0.1496083195,-0.0650058720,0.0909087340,"Oil, Gas, & Coal"
ELTY.JK,-0.3450373865,-0.2837800610,-0.0961484139,-0.0647056873,-0.2731073907,Properties & Real Estate
EMDE.JK,-0.5951243414,-0.1461330995,-0.1508838801,-0.0652521095,-0.0870406559,Properties & Real Estate
EMTK.JK,-0.2444668224,-0.0257296952,0.2074970560,-0.0643910859,-0.0572215592,Software & IT Service
ENAK.JK,-0.1900813184,-0.0636371959,0.0679826625,-0.0649227164,-0.0199251115,Consumer Services
ENRG.JK,-0.2341230216,-0.1099455593,-0.1461594284,-0.0674633175,-0.0248213593,"Oil, Gas, & Coal"
EPMT.JK,0.9018776301,0.0781626494,0.0336458263,-0.0647598952,0.1335533743, Food & Staples Retailing 
ERAA.JK,-0.0000451286,0.3687477733,0.8150294313,-0.0646939621,0.1651973204,Retailing
ESSA.JK,-0.2341262731,-0.1099515671,-0.1531025372,-0.0667651643,-0.0248291400,Basic Materials
ETWA.JK,-0.5043633389,-0.1457941785,-0.1511487463,-0.0543154413,-0.0897263649,Alternative Energy
EXCL.JK,0.2041688611,2.7149403670,12.6149818195,-0.0658457929,0.2675849960,Telecommunication
FAPA.JK,-0.0449042245,-0.0267910708,-0.1507569372,-0.0652118161,0.0104922054,Food & Beverage
FAST.JK,-0.6992745450,-0.0803883490,0.3695638602,-0.0639257794,-0.1204593663,Consumer Services
FASW.JK,-1.3637974226,-0.1759931846,-0.1381867822,-0.0638627294,-0.1688186037,Basic Materials
FILM.JK,-0.1886948458,-0.0848975706,-0.1179067065,-0.0675873767,-0.0026054006,Media & Entertainment
FIRE.JK,-0.2357007379,-0.1081185075,-0.1490946509,-0.0648623130,-0.0249545065,"Oil, Gas, & Coal"
FISH.JK,-0.2339117410,-0.1099570331,-0.1531026909,-0.0647340112,-0.0248315398,Food & Beverage
FMII.JK,-0.2220149120,-0.1066112823,-0.1524065695,-0.0689402477,-0.0208432762,Properties & Real Estate
FPNI.JK,-0.2341358129,-0.1099650173,-0.1531035766,-0.0642820747,-0.0248371949,Basic Materials
FREN.JK,-0.2355665631,0.9362204197,4.8804711355,-0.0649600851,-0.0498957483,Telecommunication
FUJI.JK,-0.2208073392,-0.1093718314,-0.1522634833,-0.0685088135,-0.0239454725,Financing Service
GAMA.JK,-0.2419175019,-0.1108464903,-0.1505814931,-0.0612667152,-0.0288635961,Properties & Real Estate
GDST.JK,-0.1218758137,-0.0553566528,-0.1502880083,-0.0657518533,0.0241612409,Basic Materials
GEMA.JK,-0.1960297329,-0.0924877260,-0.1116051390,-0.0648718004,-0.0216997835,Household Goods
GEMS.JK,-0.2337417863,-0.1098419815,-0.1530927544,-0.0669209180,-0.0247178486,"Oil, Gas, & Coal"
GGRM.JK,12.1412503011,1.3541967504,0.8700983390,-0.0650816450,1.2000780389, Tobaco 
GIAA.JK,-0.2341231557,-0.1098401518,-0.1530815960,-0.0655564938,-0.0247795794,Transportation
GJTL.JK,1.2820394594,0.2841165254,-0.0646325771,-0.0657407758,0.2469003298,Automobiles & Components
GMFI.JK,-0.2341322349,-0.1099573193,-0.1461594284,-0.0651471797,-0.0248324385,Transportation Infrastructure
GMTD.JK,0.3341394818,-0.0815426408,-0.1501063456,-0.0683444214,0.0048428989,Properties & Real Estate
GOLL.JK,-0.6027134404,-0.1763979220,-0.1529131680,-0.0402187332,-0.0943186939,Food & Beverage
GOOD.JK,-0.1635594402,0.0734495987,-0.0600222882,-0.0653149832,0.1086880101,Food & Beverage
GOTO.JK,-0.6142971950,-15.4733530789,2.8523747154,-0.0571509155,-20.8205331487,Software & IT Service
GPRA.JK,-0.1407050055,-0.0855376322,-0.1364675469,-0.0678423036,-0.0042839703,Properties & Real Estate
GTSI.JK,-0.2341342475,-0.1099631926,-0.1531039119,-0.0666139527,-0.0248361852,"Oil, Gas, & Coal"
GWSA.JK,-0.1990263026,-0.0944456566,-0.1503474256,-0.0553164771,-0.0107477394,Properties & Real Estate
GZCO.JK,-0.2325252685,-0.1002495907,-0.1407589066,-0.0644119718,-0.0243445618,Food & Beverage
HATM.JK,-0.1075191140,-0.0734990672,-0.1528537237,-0.0682349610,0.0207526574,Logistics & Deliveries
HDTX.JK,-0.2341532556,-0.1127734380,-0.1521964482,15.0135105640,-0.0282201458,Apparel & Luxury Goods
HEAL.JK,-0.0992450036,0.0830735922,0.1290823663,-0.0658402721,0.0757752227,Helathcare Equipment & Providers
HELI.JK,-0.2306020969,-0.1084244235,-0.1527449680,-0.0642485012,-0.0246865728,Transportation
HERO.JK,-0.3772551132,-0.0599635606,0.2518028520,-0.0644608101,-0.0552419269, Food & Staples Retailing 
HEXA.JK,-0.2338401812,-0.1099500834,-0.1530961217,-0.0657154066,-0.0248242865,Industrial Goods
HITS.JK,-0.2341318771,-0.1099622482,-0.1531028805,-0.0656817060,-0.0248358474,"Oil, Gas, & Coal"
HOKI.JK,-0.2348062395,-0.1069108522,-0.1491461977,-0.0644965718,-0.0251742987,Food & Beverage
HOMI.JK,-0.2219254622,-0.1084743857,-0.1529830399,-0.0659693236,-0.0238469150,Properties & Real Estate
HRME.JK,-0.2519358842,-0.1079363671,-0.1396460271,-0.0654517869,-0.0302987233,Consumer Services
HRTA.JK,0.0628381104,0.0100159554,-0.1302665748,-0.0649739980,0.0455139221,Apparel & Luxury Goods
HRUM.JK,-0.2340846476,-0.1099182677,-0.1531021412,-0.0676693599,-0.0248023551,"Oil, Gas, & Coal"
IATA.JK,-0.2341306695,-0.1099587530,-0.1531038842,-0.0666874471,-0.0248310346,"Oil, Gas, & Coal"
ICBP.JK,2.4448874079,2.3177471523,0.1177407156,-0.0667082742,1.5833580287,Food & Beverage
IDPR.JK,-0.1491580156,-0.0922315080,-0.1320262932,-0.0650319504,-0.0160532047,Heavy Constructions & Civil
IFII.JK,-0.1849379524,-0.0817229913,-0.1508003486,-0.0658434391,-0.0016241685,Basic Materials
IFSH.JK,0.2561839443,-0.0525739692,-0.1237030090,-0.0665277502,0.0237638164,Basic Materials
IGAR.JK,-0.0561749046,-0.0966720748,-0.1498665716,-0.0651935864,-0.0160024058,Basic Materials
IIKP.JK,-0.2805598337,-0.1121011821,-0.1524916428,-0.0469004882,-0.0328281810,Leisure Goods
IKAI.JK,-0.2310940710,-0.1026904606,-0.1316544831,-0.0642891166,-0.0227495760,Consumer Services
IKBI.JK,-0.2341080835,-0.1099630903,-0.1461594284,-0.0648808836,-0.0248353721,Industrial Goods
IMAS.JK,-0.5306168676,0.2336113261,0.1789462485,-0.0652864461,-0.0857498139,Retailing
IMPC.JK,-0.1677188578,0.0045169056,-0.1069960330,-0.0666455204,0.0742050628,Industrial Goods
INAI.JK,-0.6423844454,-0.1043966439,-0.1495656066,-0.0646546689,-0.0381425275,Basic Materials
INCO.JK,-0.2340136691,-0.1099018809,-0.1461594284,-0.0670461643,-0.0247739920,Basic Materials
INDF.JK,3.9163373119,3.3732144846,0.5091953131,-0.0663150938,1.8494009842,Food & Beverage
INDR.JK,-0.2344144492,-0.1099725687,-0.1531029194,-0.0638620733,-0.0248464908,Apparel & Luxury Goods
INDS.JK,-0.1094646481,-0.0608775382,-0.1461594284,-0.0652546537,0.0172461690,Automobiles & Components
INDY.JK,-0.2340324983,-0.1099015480,-0.1530983692,-0.0653738604,-0.0248095696,"Oil, Gas, & Coal"
INKP.JK,-0.2337989895,-0.1098157937,-0.1530898440,-0.0668055455,-0.0247424455,Basic Materials
INPP.JK,-0.1921386647,-0.0427581879,-0.0743703748,-0.0662626283,-0.0006812305,Properties & Real Estate
INPS.JK,-0.2303337474,-0.1043905792,-0.1525188022,-0.0645301051,-0.0247103712,"Oil, Gas, & Coal"
INTA.JK,-0.2878052710,-0.0824805613,-0.1463385936,-0.0649227835,-0.0340168684,Industrial Goods
INTP.JK,2.3080738743,0.3628191398,0.1158886960,-0.0657582358,0.4238255080,Basic Materials
IPCC.JK,0.2352974062,-0.0597070158,-0.1513340349,-0.0679260654,0.0190694371,Transportation Infrastructure
IPCM.JK,-0.1004973014,-0.0751257160,-0.1461594284,-0.0661169042,0.0114333539,Transportation Infrastructure
IPOL.JK,-0.2341351868,-0.1099638001,-0.1531037200,-0.0646495373,-0.0248370374,Basic Materials
IPTV.JK,-0.2421411265,-0.1328086367,-0.1281908274,-0.0639523326,-0.0422329459,Media & Entertainment
IRRA.JK,-0.2190630672,-0.1044798466,-0.1432640580,-0.0648303011,-0.0236411959,Helathcare Equipment & Providers
ISAT.JK,0.3908059568,4.3186812431,16.2980984869,-0.0663310924,1.0118674293,Telecommunication
ISSP.JK,0.0811753281,0.0267764431,-0.1503149224,-0.0658580898,0.0897488118,Basic Materials
ITMA.JK,-0.2341255262,-0.1099644759,-0.1461594284,-0.0659547086,-0.0248366003,"Oil, Gas, & Coal"
ITMG.JK,-0.2321674691,-0.1098482938,-0.1530829051,-0.0670771832,-0.0247220010,"Oil, Gas, & Coal"
JARR.JK,-0.1967006067,-0.0626725857,-0.1481972442,-0.0650534390,-0.0070618337,Food & Beverage
JAWA.JK,-0.4990857982,-0.1194080551,-0.1521001655,-0.0635718699,-0.0944228785,Food & Beverage
JAYA.JK,-0.1766638420,-0.1063328519,-0.1463976279,-0.0655332717,-0.0224831745,Logistics & Deliveries
JECC.JK,0.1469209621,-0.0846748201,-0.1450004161,-0.0649673011,-0.0100240232,Industrial Goods
JIHD.JK,-0.1331464938,-0.0636863329,-0.1461594284,-0.0647821111,-0.0127388005,Consumer Services
JKON.JK,-0.1690158805,-0.0487326314,-0.1188268546,-0.0650822510,0.0297944533,Heavy Constructions & Civil
JPFA.JK,0.1236640031,0.3075959575,0.0778019029,-0.0648449982,0.1890459304,Food & Beverage
JRPT.JK,0.1120355236,0.0746594360,-0.1416383323,-0.0690311616,0.2062778401,Properties & Real Estate
JSMR.JK,3.9521172488,1.8479699877,-0.0763410312,-0.0678336228,1.5380329519,Transportation Infrastructure
JSPT.JK,0.1326089873,0.0172041224,0.1183339604,-0.0669320875,0.0191574217,Consumer Services
KAEF.JK,-1.4356256459,-0.3245557914,0.2082447408,-0.0627869921,-0.3665940410,Phramaceuticals & Helath Care
KARW.JK,-0.2341261970,-0.1099646054,-0.1531041326,-0.0670102632,-0.0248368267,Transportation Infrastructure
KBLI.JK,-0.0954881103,-0.0838404492,-0.1418426403,-0.0650144661,0.0039889296,Industrial Goods
KBLV.JK,-0.4398700027,-0.1226334854,-0.1497658424,-0.0557766219,-0.0433227023,Telecommunication
KEEN.JK,-0.2341197119,-0.1099605391,-0.1531040768,-0.0696839964,-0.0248341329,Utilities
KEJU.JK,0.0054113117,-0.0904497736,-0.1468294411,-0.0654442195,-0.0063541691,Food & Beverage
KIAS.JK,-0.2450035215,-0.1160554674,-0.1529156256,-0.0635300219,-0.0331699377,Industrial Goods
KINO.JK,-0.0060382681,-0.0495966614,-0.0943492764,-0.0649767500,-0.0086276283, Nondurable Household Products 
KIOS.JK,-0.3054268899,-0.1128431286,-0.1521633413,-0.0636371183,-0.0287818059,Software & IT Service
KKGI.JK,-0.2341094252,-0.1099578802,-0.1531036962,-0.0657841699,-0.0248309192,"Oil, Gas, & Coal"
KLBF.JK,0.0333643874,0.5955221059,0.1983227295,-0.0656736599,0.6116588416,Phramaceuticals & Helath Care
KMTR.JK,-0.2724646230,-0.0868255390,-0.1372893773,-0.0645878752,-0.0410316285,Basic Materials
KOIN.JK,-0.5766835363,-0.1184676011,-0.1333955211,-0.0642132480,-0.0421189040,Industrial Goods
KONI.JK,0.0476316372,-0.1053657329,-0.1522994231,-0.0654705165,-0.0202798206,Industrial Services
KOTA.JK,-0.2444220975,-0.1109079721,-0.1446926885,-0.0596029835,-0.0305100709,Properties & Real Estate
KRAS.JK,-0.2341657786,-0.1099589578,-0.1530895503,-0.0643696258,-0.0248670582,Basic Materials
LAND.JK,-0.2529198325,-0.1096503083,-0.1477887338,-0.0634680285,-0.0275384445,Properties & Real Estate
LAPD.JK,-0.2356052904,-0.1106141131,-0.1530995367,-0.0639305090,-0.0251369936,Utilities
LINK.JK,-1.1017988349,0.1740380873,1.6736115327,-0.0651032285,-0.1474511430,Telecommunication
LPCK.JK,0.0342141609,-0.0635177873,-0.1409355573,-0.0669000218,0.0124131482,Properties & Real Estate
LPKR.JK,-0.2309598963,0.6349253885,1.0608180965,-0.0660876655,-0.0133022954,Properties & Real Estate
LPLI.JK,0.9816221644,-0.1064017508,-0.1527542774,-0.0743804692,0.0483553238,Properties & Real Estate
LPPF.JK,1.0986672830,0.2411534700,0.7409047862,-0.0654307406,0.1305308216,Retailing
LPPS.JK,-0.1938382117,-0.1102298596,-0.1530753309,0.0025775519,-0.0194713271,Holding & Investment Companies
LSIP.JK,0.2667837506,0.0508233729,-0.1476370326,-0.0666948030,0.1504613774,Food & Beverage
LTLS.JK,0.2310038137,-0.0435082290,-0.0958333681,-0.0649866198,0.0121881573,Basic Materials
MAGP.JK,-0.3389705807,-0.1384127342,-0.1523598325,-0.0611493883,-0.0733693108,Food & Beverage
MAPA.JK,-0.0149832523,0.3965494831,0.8717973363,-0.0660353192,0.2945838998,Retailing
MAPB.JK,-0.0284007286,0.0191616959,0.4767973478,-0.0649219917,-0.0007623905,Consumer Services
MAPI.JK,0.2757287348,0.9810055709,2.7131120721,-0.0655289052,0.4107776482,Retailing
MARK.JK,-0.0504948396,-0.0724492100,-0.1419947722,-0.0680173177,0.0110546303,Industrial Goods
MASA.JK,-0.2340986912,-0.1099474877,-0.1531018388,-0.0665108184,-0.0248197706,Automobiles & Components
MBSS.JK,0.7505797206,-0.0383377027,-0.1453508849,-0.0667233491,0.0636133016,"Oil, Gas, & Coal"
MCAS.JK,-0.2313624205,-0.0991995427,-0.1237894459,-0.0644514809,-0.0247126802,Software & IT Service
MCOL.JK,-0.2338487684,-0.1099106640,-0.1530958600,-0.0675910440,-0.0247846904,"Oil, Gas, & Coal"
MDKA.JK,-0.2341393909,-0.1099465092,-0.1531014340,-0.0650207968,-0.0248418555,Basic Materials
MDLN.JK,-0.2710334256,-0.0694705601,-0.1235385430,-0.0653674470,-0.0482965318,Properties & Real Estate
MDRN.JK,-0.2272924527,-0.1060652981,-0.1429106456,-0.0646973823,-0.0221498018,Industrial Services
MERK.JK,1.5459164939,-0.0720990381,-0.1432638204,-0.0666009210,0.0161673676,Phramaceuticals & Helath Care
META.JK,-0.2931722615,-0.0495579875,-0.1325298726,-0.0668307284,-0.0786105342,Transportation Infrastructure
MFIN.JK,0.1401416077,0.0117307367,-0.0897417315,-0.0697855598,0.0724541919,Financing Service
MGRO.JK,-0.4269892254,-0.1166632451,-0.1439774240,-0.0643428317,-0.0598587291,Food & Beverage
MICE.JK,0.0255822511,-0.0939359861,-0.1337981460,-0.0653282753,-0.0169303561,Household Goods
MIDI.JK,-0.1593105727,0.1639276476,0.7748183469,-0.0646741358,0.0940211077, Food & Staples Retailing 
MIKA.JK,0.0569344208,0.1424794210,0.0070864087,-0.0673007055,0.1859205998,Helathcare Equipment & Providers
MINA.JK,-0.2361032622,-0.1100550734,-0.1507648958,-0.0621072753,-0.0255065612,Consumer Services
MIRA.JK,-0.2459427448,-0.1111805004,-0.1528777967,-0.0643556916,-0.0272428754,Logistics & Deliveries
MKNT.JK,-0.2569450754,-0.1091391048,-0.1460905292,-0.0642179611,-0.0312912596,Retailing
MKPI.JK,3.7489766571,0.0411058403,-0.1504087280,-0.0686199227,0.1694276662,Properties & Real Estate
MKTR.JK,-0.2150378243,-0.0915930139,-0.1525576494,-0.0653254802,-0.0130489221,Food & Beverage
MLBI.JK,2.0289456417,0.1432867567,-0.1311185035,-0.0688696545,0.2204392876,Food & Beverage
MLIA.JK,0.1462500883,0.0327672186,-0.1434860065,-0.0661573045,0.1045967552,Industrial Goods
MLPL.JK,-0.1849379524,0.0490377541,0.3221525908,-0.0645246112,0.0147431149,Multi Sector Holdings
MMLP.JK,-0.1759929682,-0.0661718070,-0.1517939974,-0.0700746702,-0.0035978243,Properties & Real Estate
MNCN.JK,0.1150768182,0.2301738958,0.3391740681,-0.0664459411,0.2127410572,Media & Entertainment
MOLI.JK,-0.0970189236,-0.0806512332,-0.1412778512,-0.0652194034,-0.0056248229,Basic Materials
MORA.JK,-0.1267955550,0.1664599874,-0.0984946501,-0.0680507646,0.1049618256,Telecommunication
MPMX.JK,0.3025636875,0.0171226672,-0.0733368439,-0.0646540875,0.0960830638,Retailing
MPPA.JK,-0.3235852078,-0.0531812955,0.3310110050,-0.0640987700,-0.0835808836, Food & Staples Retailing 
MPRO.JK,-0.2516588402,-0.1127660209,-0.1525342539,-0.0327664893,-0.0337988408,Properties & Real Estate
MRAT.JK,-0.3818989733,-0.1093350329,-0.1498179858,-0.0643947427,-0.0280901304, Nondurable Household Products 
MSIN.JK,-0.2146800250,-0.0093555944,0.1372690577,-0.0654720329,0.0358947868,Media & Entertainment
MSKY.JK,-0.3575761479,-0.1611514337,-0.1531042033,-0.0613948167,-0.0880616066,Media & Entertainment
MTEL.JK,-0.1267955550,0.6040560338,-0.1461594284,-0.0688597224,0.4376428918,Telecommunication
MTFN.JK,-0.2382947833,-0.1146710324,-0.1526683857,-0.0638413936,-0.0316297170,"Oil, Gas, & Coal"
MTLA.JK,0.0098390789,-0.0206936251,-0.1462283276,-0.0678306910,0.0712330759,Properties & Real Estate
MTMH.JK,-0.2618648167,-0.0959162252,-0.0899327855,-0.0645658978,-0.0277890803,Helathcare Equipment & Providers
MTPS.JK,-0.2682157555,-0.1117788712,-0.1525213695,0.0839458593,-0.0284930054,Heavy Constructions & Civil
MYOH.JK,-0.2340977967,-0.1099607988,-0.1531037101,-0.0658187969,-0.0248328515,"Oil, Gas, & Coal"
MYOR.JK,0.4054310060,0.6823111490,-0.0164606182,-0.0658689091,0.7099067473,Food & Beverage
MYTX.JK,-0.4302094197,-0.1463705363,-0.1526901430,-0.0633584166,-0.1029655260,Apparel & Luxury Goods
NASA.JK,-0.2315413202,-0.1085241253,-0.1525208598,-0.0693298097,-0.0233786328,Consumer Services
NATO.JK,-0.2337775663,-0.1095271277,-0.1527007245,-0.0647269211,-0.0246830447,Consumer Services
NETV.JK,-0.4756499396,-0.1996588527,-0.1172889345,-0.0537917856,-0.1698660719,Media & Entertainment
NFCX.JK,-2.1059627633,-0.1873637008,-0.1329995202,-0.0644469209,-0.0886157904,Software & IT Service
NIKL.JK,-0.2341420744,-0.1099650646,-0.1531038239,-0.0641825538,-0.0248379467,Basic Materials
NIRO.JK,-0.2482684407,-0.0705274653,-0.1386346422,-0.0666941082,-0.0409993517,Properties & Real Estate
NRCA.JK,-0.0507631892,-0.0885047045,-0.1415623890,-0.0651355383,-0.0019449020,Heavy Constructions & Civil
OMED.JK,-0.1912441663,-0.0448351700,-0.1245456702,-0.0662405497,0.0348290775,Helathcare Equipment & Providers
OMRE.JK,-0.4871442443,-0.1375290250,-0.1510694627,-0.0461800517,-0.0624829498,Properties & Real Estate
PALM.JK,-2.2500122390,-0.6685419806,-0.1522351820,0.3919777872,-0.7849377614,Food & Beverage
PANI.JK,-0.1454905720,0.0304570542,-0.1448279578,-0.0680169464,0.0372858296,Food & Beverage
PANS.JK,0.5857618878,-0.0773463621,-0.1412154496,-0.0675735957,0.0051661653,Investment Service
PBID.JK,-0.0110139155,-0.0200874315,-0.1273274848,-0.0654744471,0.0612375641,Basic Materials
PBRX.JK,-0.2341355490,-0.1099606832,-0.1531031465,-0.0650758871,-0.0248373830,Apparel & Luxury Goods
PBSA.JK,0.0533564271,-0.0687996467,-0.1511797651,-0.0662368380,0.0195234666,Heavy Constructions & Civil
PCAR.JK,-0.1992499272,-0.1082501155,-0.1525802078,-0.0650798754,-0.0227197097, Food & Staples Retailing 
PDPP.JK,-0.2165792240,-0.1062485037,-0.1522547982,-0.0650458865,-0.0220569200,Basic Materials
PEHA.JK,-0.2028279209,-0.0946027296,-0.1369452461,-0.0651102961,-0.0234661475,Phramaceuticals & Helath Care
PGAS.JK,-0.2340839320,-0.1098552363,-0.1530935077,-0.0658594788,-0.0247731277,"Oil, Gas, & Coal"
PGLI.JK,-0.7048651602,-0.1099958600,-0.1504086677,-0.0630005232,-0.0366686555,Consumer Services
PGUN.JK,-0.1499183392,-0.0762862780,-0.1505890692,-0.0667391172,0.0000215319,Food & Beverage
PICO.JK,-0.1860113506,-0.1071560050,-0.1520830349,-0.0646412976,-0.0235350906,Basic Materials
PJAA.JK,0.4233209744,-0.0286035202,-0.1402030757,-0.0677370537,0.0292649180,Consumer Services
PLIN.JK,0.5416183907,0.0149401882,-0.0938387363,-0.0695415199,0.1162462010,Properties & Real Estate
PMJS.JK,-0.1619046181,-0.0380525746,-0.0831240441,-0.0647588054,0.0262711677,Retailing
PNGO.JK,0.8616252012,-0.0563231623,-0.1368665780,-0.0658765482,0.0191834250,Basic Materials
POLI.JK,-0.0286243532,-0.0807694471,-0.1428488038,-0.0674927505,-0.0035121294,Properties & Real Estate
POLL.JK,-0.2266663038,-0.0981332059,-0.1511889065,-0.0656752750,-0.0216361248,Properties & Real Estate
POLU.JK,-0.3235852078,-0.1121293015,-0.1518369392,-0.0634149618,-0.0282803152,Apparel & Luxury Goods
POOL.JK,-0.5089047163,-0.1375566274,-0.1478562482,-0.0565560858,-0.0579284231,Holding & Investment Companies
PORT.JK,-0.1345329664,-0.0758445860,-0.1493087818,-0.0660483397,-0.0104220109,Transportation Infrastructure
POSA.JK,-0.3191127157,-0.1203204562,-0.1500412232,-0.0590550060,-0.0577272182,Properties & Real Estate
POWR.JK,-0.2341134504,-0.1099304497,-0.1530386689,-0.0667364301,-0.0248193945,Utilities
PPRE.JK,-0.1990263026,-0.0364636248,-0.1472287113,-0.0656800161,-0.0063833526,Heavy Constructions & Civil
PPRO.JK,-0.3312778943,-0.1617772426,-0.1531042033,-0.0643945201,-0.3192977293,Properties & Real Estate
PRAY.JK,-0.1646328383,-0.0482074474,-0.1493416557,-0.0655540673,0.0250782014,Helathcare Equipment & Providers
PRDA.JK,1.0056394471,-0.0259713897,0.0000317092,-0.0658772974,0.0349474326,Helathcare Equipment & Providers
PRIM.JK,-0.2377580843,-0.1096776781,-0.1485627280,-0.0642451982,-0.0254689414,Helathcare Equipment & Providers
PSAB.JK,-0.2341371546,-0.1099574286,-0.1530984470,-0.0674354987,-0.0248394224,Basic Materials
PSGO.JK,-0.1038069456,0.0314776302,-0.1491781434,-0.0664793043,0.1015176324,Food & Beverage
PSSI.JK,-0.2341004802,-0.1099565130,-0.1531036075,-0.0674731869,-0.0248277195,"Oil, Gas, & Coal"
PTBA.JK,2.1452304366,1.3950665878,0.1976667230,-0.0662580814,1.3798273356,"Oil, Gas, & Coal"
PTIS.JK,-0.2341268679,-0.1099646674,-0.1531041121,-0.0622273873,-0.0248368657,"Oil, Gas, & Coal"
PTPP.JK,0.1147190189,0.1312061947,-0.1312996911,-0.0652146577,0.0859020840,Heavy Constructions & Civil
PTRO.JK,-0.2340803540,-0.1099583734,-0.1531040784,-0.0651458128,-0.0248342965,"Oil, Gas, & Coal"
PTSN.JK,-0.2341259734,-0.1099617164,-0.1531019637,-0.0655803613,-0.0248345335,Technology Hardware
PTSP.JK,0.0910595356,-0.0956985270,-0.0854295527,-0.0646680602,-0.0211434921,Consumer Services
PWON.JK,-0.0386427356,0.3794841496,-0.0867907184,-0.0689183093,0.4594707629,Properties & Real Estate
PYFA.JK,-0.3870758784,-0.1071695685,-0.1405588066,-0.0643126795,-0.0444423596,Phramaceuticals & Helath Care
PZZA.JK,-0.3773445630,-0.0442941870,0.2976405823,-0.0643672724,-0.0469738180,Consumer Services
RAJA.JK,-0.2341082624,-0.1099558532,-0.1531031889,-0.0667492891,-0.0248312123,"Oil, Gas, & Coal"
RALS.JK,-0.0136415047,0.0109801525,0.2099737642,-0.0650510788,0.0442620084,Retailing
RDTX.JK,4.8041269956,-0.0564893689,-0.1518094609,-0.0701997724,0.0448231634,Properties & Real Estate
RICY.JK,-0.6510610801,-0.1037040423,-0.1409295157,-0.0645183538,-0.0385986441,Apparel & Luxury Goods
RIGS.JK,0.3457509658,-0.0959972114,-0.1523508515,-0.0668141258,-0.0066681766,"Oil, Gas, & Coal"
RISE.JK,-0.2296628735,-0.1023208907,-0.1349472876,-0.0651606659,-0.0218433041,Properties & Real Estate
RMKE.JK,0.0754505382,-0.0362999589,-0.1501458025,-0.0661313191,0.0448354484,"Oil, Gas, & Coal"
RODA.JK,-0.2457638451,-0.1059274348,-0.1526219791,-0.0634603168,-0.0329535030,Properties & Real Estate
ROTI.JK,0.0272370732,-0.0135731217,-0.0948261033,-0.0657284322,0.0518371814,Food & Beverage
RSGK.JK,-0.1129755544,-0.1022127257,-0.1387153944,-0.0652208165,-0.0190423609,Helathcare Equipment & Providers
RUIS.JK,-0.1517073361,-0.0944804553,-0.1508284964,-0.0649522526,-0.0215732616,"Oil, Gas, & Coal"
SAFE.JK,-0.0911338440,-0.1013345590,-0.1529640471,-0.0666901406,-0.0203123528,Transportation
SAME.JK,-0.2309598963,-0.0766489091,-0.0348881534,-0.0646699909,-0.0220184613,Helathcare Equipment & Providers
SAPX.JK,-0.2279186016,-0.1078956420,-0.1456689515,-0.0644922341,-0.0245712812,Logistics & Deliveries
SCMA.JK,-0.2104758824,0.0115378432,0.0713260161,-0.0649723492,0.0521403405,Media & Entertainment
SDMU.JK,-0.1066246156,-0.1020744013,-0.1475232903,-0.0647757045,-0.0173918180,Logistics & Deliveries
SDPC.JK,-0.1179847456,-0.0881299581,-0.1330885649,-0.0647668475,-0.0172252507, Food & Staples Retailing 
SFAN.JK,-0.2806940085,-0.1121466665,-0.1474744908,-0.0428551281,-0.0280946077,Holding & Investment Companies
SGER.JK,-0.0294598148,0.0459561787,-0.1466859697,-0.0651866350,0.1334261723,"Oil, Gas, & Coal"
SGRO.JK,0.9555475355,0.0570481363,-0.1353963761,-0.0661405286,0.0864418142,Food & Beverage
SHID.JK,-0.3243008066,-0.1039781091,-0.1101938412,-0.0641135783,-0.0302483473,Consumer Services
SHIP.JK,-0.2341049527,-0.1099571465,-0.1531028641,-0.0673361208,-0.0248328533,"Oil, Gas, & Coal"
SIDO.JK,-0.0924020907,0.1056614424,-0.1424500277,-0.0679731103,0.1938613790,Phramaceuticals & Helath Care
SILO.JK,0.1830139734,0.3334735763,0.7174293695,-0.0661085047,0.2538209843,Helathcare Equipment & Providers
SIMP.JK,-0.0194557444,0.2684712285,-0.0870582159,-0.0658489780,0.1445771071,Food & Beverage
SINI.JK,-0.3874971201,-0.1073291730,-0.1523584744,-0.0651148998,-0.0286314720,Industrial Goods
SIPD.JK,-0.2837800281,-0.1006069950,-0.1290864578,-0.0644490150,-0.0288204537,Food & Beverage
SKBM.JK,-0.2302890224,-0.0970219114,-0.1357329321,-0.0646961406,-0.0244929076,Food & Beverage
SKLT.JK,0.1018382416,-0.0886175808,-0.1376517658,-0.0650308499,-0.0069276359,Food & Beverage
SLIS.JK,-0.1902154931,-0.1032532093,-0.1518541086,-0.0652546673,-0.0199535565,Retailing
SMAR.JK,1.1970621094,0.3427795931,-0.0010878288,-0.0646608482,0.1863062410,Food & Beverage
SMBR.JK,-0.1804654603,-0.0579979090,-0.1135689002,-0.0655158996,0.0031305361,Basic Materials
SMCB.JK,0.2086413532,0.1505016599,-0.1387606157,-0.0656783426,0.1809777764,Basic Materials
SMDM.JK,-0.1366797626,-0.0905439779,-0.1481763010,-0.0662565331,-0.0008569517,Properties & Real Estate
SMGR.JK,1.2015346015,0.8153481244,0.5930166374,-0.0656331767,0.4744900920,Basic Materials
SMMT.JK,0.1129300220,-0.0591047663,-0.1498929019,-0.0654343842,0.0313958965,"Oil, Gas, & Coal"
SMRA.JK,-0.0266117318,0.2143578661,-0.0821874405,-0.0674324528,0.1513758327,Properties & Real Estate
SMRU.JK,-0.2632512893,-0.1240697736,-0.1524085378,-0.0614396816,-0.0435596533,"Oil, Gas, & Coal"
SMSM.JK,0.4993533403,0.1285958241,-0.1093555861,-0.0670777870,0.1923754731,Automobiles & Components
SOCI.JK,-0.2341295514,-0.1099598874,-0.1531007689,-0.0661123144,-0.0248350503,"Oil, Gas, & Coal"
SOHO.JK,-0.1044330945,-0.0194986529,-0.1076993451,-0.0649760768,0.0605906399,Phramaceuticals & Helath Care
SONA.JK,-0.3012227473,-0.0891796032,-0.0581363479,-0.0648726150,-0.0271019905,Retailing
SPMA.JK,0.0207966846,-0.0614488862,-0.1484122936,-0.0654317325,0.0162636073,Basic Materials
SPTO.JK,0.1877548150,-0.0406053263,-0.1021085477,-0.0656749287,0.0337574732,Industrial Goods
SQMI.JK,-0.2499232628,-0.1181914471,-0.1496041657,0.0658576814,-0.0374697610,Basic Materials
SRAJ.JK,-0.2484920653,-0.0714976551,-0.0732479560,-0.0648837234,-0.0336918050,Helathcare Equipment & Providers
SRIL.JK,-0.2341733818,-0.1099878104,-0.1531036107,-0.0606184764,-0.0248773255,Apparel & Luxury Goods
SRSN.JK,-0.1910205417,-0.0936699428,-0.1478655050,-0.0653277447,-0.0114899109,Basic Materials
SRTG.JK,-3.5885044477,-2.0763719623,-0.1516819963,-0.0751056773,-2.3598123114,Holding & Investment Companies
SSIA.JK,-0.0606026718,-0.0023889346,-0.0225523945,-0.0658104441,0.0157842966,Heavy Constructions & Civil
SSMS.JK,0.0063952600,0.1091378753,-0.0951331911,-0.0653754020,0.0930083352,Food & Beverage
STAR.JK,-0.2315905176,-0.1093456300,-0.1523869975,-0.0565036280,-0.0242090261,Holding & Investment Companies
STTP.JK,2.8989795318,0.0866647741,-0.1322008135,-0.0666111829,0.1862793028,Food & Beverage
SULI.JK,-0.2341508628,-0.1099675416,-0.1531040214,-0.0605684829,-0.0248403534,Basic Materials
SUPR.JK,4.2025768069,0.1107354269,-0.1438452308,-0.0717548704,0.2347388604,Telecommunication
SURE.JK,-0.5829897502,-0.1273862571,-0.1237754309,-0.0600612570,-0.0518237353,"Oil, Gas, & Coal"
TAMU.JK,-0.2341413141,-0.1099656757,-0.1531041814,-0.0634865063,-0.0248382530,"Oil, Gas, & Coal"
TAPG.JK,0.1281364952,0.2543146487,-0.1326318488,-0.0661953345,0.3451364484,Food & Beverage
TAXI.JK,-0.2359243625,-0.1106813036,-0.1530958197,-0.0550273803,-0.0257683463,Transportation
TBIG.JK,0.0749585640,0.5246500097,-0.1014996928,-0.0710593874,0.3341146567,Telecommunication
TCID.JK,0.1907513847,-0.0985048264,-0.1324208454,-0.0644359866,-0.0160683411, Nondurable Household Products 
TCPI.JK,-0.0731256497,-0.0584669517,-0.1414441313,-0.0662562505,0.0168862795,"Oil, Gas, & Coal"
TDPM.JK,-0.2341564311,-0.1099727335,-0.1531036960,-0.0564206916,-0.0248484690,Basic Materials
TEBE.JK,0.5320472576,-0.0566597387,-0.1515418200,-0.0691523635,0.0258043868,"Oil, Gas, & Coal"
TECH.JK,-0.2226410609,-0.1092067372,-0.1520520850,-0.0662106342,-0.0240939574,Software & IT Service
TELE.JK,-0.2878052710,-0.1186929182,-0.1422958803,-0.0641343977,-0.0453841983,Retailing
TFAS.JK,-0.2317202199,-0.1075676485,-0.1507470149,-0.0645579202,-0.0246325362,Software & IT Service
TFCO.JK,-0.2341322349,-0.1099643309,-0.1531041221,-0.0644435407,-0.0248363445,Apparel & Luxury Goods
TGKA.JK,1.9931657048,0.0012991943,-0.1137155957,-0.0648161819,0.0803051768,Food & Beverage
TGRA.JK,-0.2478211915,-0.1111279613,-0.1522491579,0.0103779435,-0.0267719026,Utilities
TIFA.JK,-0.1587291487,-0.0943274231,-0.1467213732,-0.0697119706,-0.0110579013,Financing Service
TINS.JK,-0.5024848922,-0.1459279020,-0.0902694333,-0.0639936051,-0.1282891910,Basic Materials
TIRT.JK,-0.3815934305,-0.1159654041,-0.1527017932,16.4722894607,-0.0325113306,Basic Materials
TKIM.JK,-0.2338880368,-0.1099240723,-0.1531030421,-0.0650538881,-0.0247975310,Basic Materials
TLDN.JK,-0.0780453910,0.0203837293,-0.1344476808,-0.0662791373,0.0790979877,Food & Beverage
TLKM.JK,0.8746848781,13.5892494567,-0.1461594284,-0.0676029431,5.5946433178,Telecommunication
TMAS.JK,-0.1715204761,0.0584774030,-0.1311061267,-0.0667068861,0.1552052798,Logistics & Deliveries
TOBA.JK,-0.2341308932,-0.1099520563,-0.1531017397,-0.0646643664,-0.0248352842,"Oil, Gas, & Coal"
TOPS.JK,-0.2778763385,-0.1622687374,-0.1501171392,-0.0467559953,-0.0997887339,Heavy Constructions & Civil
TOTL.JK,-0.0076483652,-0.0830052088,-0.1464981745,-0.0649367384,0.0148887519,Heavy Constructions & Civil
TOTO.JK,-0.1290765260,-0.0459669298,-0.1092684316,-0.0658290532,0.0309315883,Industrial Goods
TOWR.JK,0.0565766215,0.9930307019,-0.1461594284,-0.0708065120,0.7235443968,Telecommunication
TPIA.JK,-0.2341376019,-0.1099537053,-0.1531009538,-0.0642924461,-0.0248448274,Basic Materials
TPMA.JK,-0.2341048275,-0.1099610811,-0.1531039386,-0.0675505338,-0.0248325721,"Oil, Gas, & Coal"
TRAM.JK,-0.3079314855,-0.2525713295,-0.1304016234,-0.0619856536,-0.2132472067,"Oil, Gas, & Coal"
TRGU.JK,-0.2332408672,-0.0837857191,-0.1499385866,-0.0646916478,-0.0244790687,Food & Beverage
TRIM.JK,-0.1319389210,-0.0584364298,-0.1340964980,-0.0680322410,0.0125377451,Investment Service
TRIN.JK,-0.3229590589,-0.1343202548,-0.1473627807,-0.0472491885,-0.0455980208,Properties & Real Estate
TRIO.JK,-0.2535012565,-0.1095784701,-0.1456801559,-0.0641743524,-0.0507569273,Retailing
TRST.JK,-0.6232421792,-0.1214400916,-0.1460595530,-0.0642300940,-0.0808660398,Basic Materials
TSPC.JK,0.9331850749,0.2180883082,0.0601416300,-0.0652930873,0.2460334281,Phramaceuticals & Helath Care
UCID.JK,0.2354763058,0.0081868568,-0.0640272390,-0.0649820733,0.0751375186, Nondurable Household Products 
ULTJ.JK,0.2667837506,0.1674299648,-0.1221655755,-0.0662580155,0.2441424663,Food & Beverage
UNIC.JK,-0.2338737249,-0.1099597820,-0.1531031604,-0.0652010082,-0.0248319420,Basic Materials
UNSP.JK,-0.1219652635,-0.0589153732,-0.1189509826,-0.0646023478,-0.0104149126,Food & Beverage
UNVR.JK,0.3293986401,1.0633871003,0.2241407011,-0.0661297227,1.0796287884, Nondurable Household Products 
URBN.JK,-0.1991816814,-0.1035586977,-0.1490150653,-0.0654398272,-0.0190260179,Properties & Real Estate
VICI.JK,-0.1151670755,-0.0620887547,-0.1277414806,-0.0663960223,0.0162168663, Nondurable Household Products 
VICO.JK,-0.2187499928,0.1515678849,-0.1175898912,-0.0722031884,-0.0127906600,Holding & Investment Companies
VTNY.JK,-0.2329725177,-0.1076326067,-0.1458533877,-0.0650004708,-0.0244648168,Financing Service
WEGE.JK,-0.2123096042,-0.0901087208,-0.1527426580,-0.0650312424,-0.0140931777,Heavy Constructions & Civil
WEHA.JK,-0.1357405392,-0.0994477098,-0.1406025479,-0.0662348736,-0.0175392291,Transportation
WIIM.JK,0.8325540024,0.0044270635,-0.1344988454,-0.0657543136,0.0888805572, Tobaco 
WIKA.JK,-3.2539227202,-0.8963117894,-0.1032430620,-0.0648412531,-1.6647085911,Heavy Constructions & Civil
WINS.JK,-0.2341285227,-0.1099635085,-0.1531039923,-0.0655771983,-0.0248355679,"Oil, Gas, & Coal"
WIRG.JK,-0.2081949114,-0.0890455028,-0.1332827169,-0.0648380176,-0.0089595383,Software & IT Service
WMPP.JK,-0.3672367308,-0.2120793964,-0.0825062456,-0.0572769398,-0.2262767388,Food & Beverage
WMUU.JK,-0.3101677315,-0.1350476099,-0.1347778922,-0.0594793301,-0.0754502623,Food & Beverage
WOOD.JK,-0.1661982105,-0.0408006425,-0.1448576933,-0.0662029359,-0.0025197875,Household Goods
WSBP.JK,-0.2334197669,-0.0496271942,-0.0592303857,-0.0593245124,-0.0233877102,Basic Materials
WSKT.JK,-0.8195398579,0.0511358921,0.1555446006,-0.0636237178,-0.8922243762,Heavy Constructions & Civil
WTON.JK,-0.2166031966,-0.0905523961,-0.1475939537,-0.0649104292,-0.0169862465,Basic Materials
YPAS.JK,-0.1804654603,-0.1076045660,-0.1525212853,-0.0648068686,-0.0229444716,Basic Materials
ZBRA.JK,-0.4810616550,-0.0927510466,-0.0690563425,-0.0644112925,-0.0567268996,Multi Sector Holdings
ZINC.JK,-0.2378028092,-0.0990385443,-0.1430939869,-0.0643502534,-0.0295985940,Basic Materials
